플랫폼,No,시스템,권한,메뉴,세부내용
웹(PC),10,관리자 시스템,관리자,로그인,"- 사용자는 이메일 입력 필드에 이메일을 입력할 수 있다.
- 사용자는 비밀번호 입력 필드에 비밀번호를 입력할 수 있다.
- 사용자는 로그인 버튼을 클릭하여 로그인할 수 있다.
- 사용자는 비밀번호 입력 후 Enter 키를 눌러 로그인할 수 있다.
- 사용자는 이메일 또는 비밀번호가 틀렸을 경우 에러 메시지를 확인할 수 있다.
- 사용자는 로그인 성공 시 대시보드 페이지로 자동 이동된다."
웹(PC),20,관리자 시스템,관리자,대시보드,"- 관리자는 로그인 후 대시보드 페이지를 확인할 수 있다."
웹(PC),30,관리자 시스템,관리자,FAQ 관리,"[FAQ 목록]
- 관리자는 등록된 모든 FAQ를 리스트 형태로 조회할 수 있다.
- 관리자는 각 FAQ의 질문, 등록일시를 확인할 수 있다.
- 관리자는 특정 FAQ를 클릭하여 상세 페이지로 이동할 수 있다.
- 관리자는 '등록' 버튼을 통해 FAQ 등록 페이지로 이동할 수 있다.

[FAQ 상세]
- 관리자는 FAQ 질문을 확인할 수 있다.
- 관리자는 FAQ 답변 내용을 확인할 수 있다.
- 관리자는 FAQ를 수정할 수 있다.
- 관리자는 FAQ를 삭제할 수 있다.

[FAQ 등록]
- 관리자는 질문을 입력할 수 있다.
- 관리자는 답변을 입력할 수 있다.
- 관리자는 '저장' 버튼을 통해 FAQ를 등록할 수 있다."
웹(PC),40,관리자 시스템,관리자,공지사항 관리,"[공지사항 목록]
- 관리자는 등록된 모든 공지사항을 리스트 형태로 조회할 수 있다.
- 관리자는 각 공지사항의 제목, 등록일시를 확인할 수 있다.
- 관리자는 특정 공지사항을 클릭하여 상세 페이지로 이동할 수 있다.
- 관리자는 '등록' 버튼을 통해 공지사항 등록 페이지로 이동할 수 있다.

[공지사항 상세]
- 관리자는 공지사항 제목을 확인할 수 있다.
- 관리자는 공지사항 내용을 확인할 수 있다.
- 관리자는 공지사항을 수정할 수 있다.
- 관리자는 공지사항을 삭제할 수 있다.

[공지사항 등록]
- 관리자는 제목을 입력할 수 있다.
- 관리자는 내용을 입력할 수 있다.
- 관리자는 '저장' 버튼을 통해 공지사항을 등록할 수 있다."
웹(PC),50,관리자 시스템,관리자,설정,"- 관리자는 설정 페이지를 확인할 수 있다."